{"cameraMode":{"drawMode":0,"name":"Shaded","section":"Shading Mode"},"sceneLighting":true,"audioPlay":false,"sceneViewState":{"showFog":true,"showMaterialUpdate":false,"showSkybox":true,"showFlares":true,"showImageEffects":true,"showParticleSystems":true},"in2DMode":false,"pivot":{"x":-2.402979850769043,"y":3.8532772064208986,"z":3.0978469848632814},"rotation":{"x":-0.07988788932561875,"y":-0.6807714700698853,"z":0.07283119112253189,"w":-0.7244749069213867},"size":18.185232162475587,"orthographic":false}